atlas_chatter_01, 1632
atlas_chatter_02, 1200
atlas_chatter_03, 1968
atlas_chatter_04, 1608
atlas_chatter_05, 2472
atlas_chatter_06, 1080
atlas_fail_01, 984
atlas_fail_02, 1008
atlas_goliath_01, 1872
atlas_goliath_02, 1920
atlas_trydefuse_01, 1176
atlas_trydefuse_02, 888
atlas_trydefuse_03, 864
comp_an_conv_8a_01, 20352
comp_cash_ee_01, 2952
comp_cash_ee_02, 3216
comp_cash_ee_03, 6408
comp_cure2_01, 3336
comp_cure2_02, 3576
comp_cure2_03, 2064
comp_cure2_04, 3000
comp_cure2_05, 3648
comp_cure2_06, 2568
comp_cure2_07, 3480
comp_cure2_08, 3840
comp_cure2_09, 3384
comp_cure_01, 2592
comp_cure_02, 2448
comp_cure_03, 2400
comp_cure_04, 3408
comp_cure_05, 3168
comp_cure_06, 4104
comp_cure_07, 2016
comp_cure_08, 2280
comp_cure_09, 1896
comp_cure_10, 3000
comp_dna_bomb_01, 1848
comp_dna_bomb_02, 2736
comp_door_01, 1704
comp_ex_touch_01, 3456
comp_ex_touch_02, 4728
comp_exo_health_01, 1704
comp_exo_health_02, 2592
comp_exo_medic_01, 1632
comp_exo_medic_02, 2592
comp_exo_online_01, 3480
comp_exo_online_02, 2352
comp_exo_online_03, 2400
comp_exo_reload_01, 1800
comp_exo_reload_02, 2760
comp_exo_slam_01, 1728
comp_exo_slam_02, 2544
comp_exo_soldier_01, 1944
comp_exo_soldier_02, 2664
comp_exo_suit_avail_01, 1512
comp_exo_suit_avail_02, 2448
comp_exo_suit_avail_03, 2640
comp_exp_armory_01, 5016
comp_exp_biomed_01, 5880
comp_exp_cargo_bay_01, 5424
comp_exp_cargo_elevator_01, 5256
comp_exp_fail1_01, 5088
comp_exp_fail2_01, 5160
comp_exp_fail3_01, 4392
comp_exp_medical_01, 5640
comp_exp_moonpool_01, 5400
comp_exp_rearbay_01, 4656
comp_exp_round_01, 4080
comp_exp_round_gol_01, 9624
comp_exp_sidebay_01, 4944
comp_exp_win_01, 5064
comp_exp_win_02, 4920
comp_exp_win_03, 5352
comp_full_reload_01, 1848
comp_full_reload_02, 2640
comp_host_01, 7080
comp_host_02, 3432
comp_host_03, 5256
comp_host_04, 5352
comp_host_05, 5928
comp_host_06, 7080
comp_host_07, 7320
comp_host_turn_01, 3456
comp_mongrel_01, 2880
comp_mongrel_02, 3456
comp_multiplier_01, 1896
comp_multiplier_02, 2616
comp_open_fire_01, 3984
comp_open_fire_02, 3456
comp_pow_armory_01, 5184
comp_pow_biomed_01, 5760
comp_pow_cargo_bay_01, 5904
comp_pow_cargo_elevator_01, 5568
comp_pow_medical_01, 5568
comp_pow_moonpool_01, 5448
comp_pow_rearbay_01, 4848
comp_pow_sidebay_01, 5544
comp_pow_surge_01, 1632
comp_pow_surge_02, 2544
comp_printer_01, 2136
comp_printer_02, 2784
comp_printer_bk_01, 5664
comp_printer_bk_02, 5400
comp_pwr_swtich_01, 1728
comp_pwr_swtich_02, 2640
comp_pwr_swtich_03, 2376
comp_pwr_swtich_04, 4056
comp_security_01, 1704
comp_security_02, 2448
comp_sq_dlc3_01, 2952
comp_sq_dlc3_02, 2976
comp_sq_dlc3_03, 3816
comp_trap_01, 3432
comp_trap_02, 3456
comp_trap_03, 2832
comp_wallbuy_01, 1752
comp_wallbuy_02, 2520
comp_wallbuy_03, 2280
comp_wallbuy_04, 6264
comp_weap_dis_01, 5568
comp_weap_dis_cred_01, 5400
comp_weap_dis_cred_02, 5520
comp_weap_dis_prize_01, 5400
comp_weap_dis_prize_02, 5448
comp_wpn_upgd_01, 2064
comp_wpn_upgd_02, 3000
comp_wpn_upgd_03, 2904
comp_wpn_upgd_04, 5688
comp_wpn_upgd_05, 4464
comp_wpn_upgd_06, 2520
exec_2x_pts_01, 1080
exec_2x_pts_02, 888
exec_2x_pts_03, 1608
exec_any_revive_01, 1272
exec_apocalypse_01, 1272
exec_apocalypse_02, 840
exec_apocalypse_03, 1944
exec_atlas_conv_01, 4008
exec_attk_crawler_01, 552
exec_attk_crawler_02, 384
exec_attk_crawler_03, 936
exec_attk_crawler_04, 624
exec_attk_crawler_05, 816
exec_bonus_line1_01, 4224
exec_bonus_line1_02, 3216
exec_bonus_line2_01, 2280
exec_bonus_line2_02, 3240
exec_bonus_line2_03, 4632
exec_bonus_line2_04, 3456
exec_close_dmg_01, 1584
exec_close_dmg_02, 1272
exec_close_dmg_03, 1128
exec_close_dmg_04, 1320
exec_close_dmg_05, 960
exec_closekill_01, 1272
exec_closekill_02, 1200
exec_closekill_03, 792
exec_closekill_04, 840
exec_closekill_05, 1488
exec_contact_grenade_01, 1152
exec_contact_grenade_02, 888
exec_contact_grenade_03, 960
exec_cough_01, 1368
exec_cough_02, 2808
exec_cough_03, 1128
exec_death_grunt_high_01, 1368
exec_death_grunt_high_02, 1608
exec_death_grunt_high_03, 1776
exec_death_grunt_low_01, 504
exec_death_grunt_low_02, 792
exec_death_grunt_low_03, 672
exec_death_grunt_med_01, 1608
exec_death_grunt_med_02, 888
exec_death_grunt_med_03, 1416
exec_disc_prntr_01, 1176
exec_disc_prntr_02, 1104
exec_dismemb_01, 864
exec_dismemb_02, 1560
exec_dismemb_03, 1104
exec_dismemb_04, 1008
exec_dismemb_05, 1176
exec_distract_drone_01, 1248
exec_distract_drone_02, 1320
exec_distract_drone_03, 1080
exec_distract_drone_kill_01, 2592
exec_distract_drone_kill_02, 1632
exec_distract_drone_kill_03, 2136
exec_distract_drone_kill_04, 2280
exec_distract_drone_kill_05, 1800
exec_dlc2_spike1st_01, 2616
exec_dlc2_spikespot_01, 1056
exec_dlc2_spikespot_02, 1056
exec_dlc3_atlas_01, 888
exec_dlc3_atlas_02, 1176
exec_dlc3_atlas_03, 1584
exec_dlc3_atlas_04, 1128
exec_dlc3_atlas_05, 1512
exec_dlc3_blink1st_01, 984
exec_dlc3_blink1st_02, 1152
exec_dlc3_blink1st_03, 1608
exec_dlc3_blink1st_04, 888
exec_dlc3_blink_01, 1680
exec_dlc3_blink_02, 840
exec_dlc3_easter_01, 7392
exec_dlc3_easter_03, 5088
exec_dlc3_easter_04, 1176
exec_dlc3_easter_05, 1488
exec_dlc3_easter_06, 1368
exec_dlc3_easter_07, 1704
exec_dlc3_easter_08, 1680
exec_dlc3_easter_09, 1776
exec_dlc3_easter_10, 1920
exec_dlc3_easter_11, 3312
exec_dlc3_easter_12, 1224
exec_dlc3_easter_13, 960
exec_dlc3_easter_14, 3120
exec_dlc3_easter_15, 1632
exec_dlc3_easter_17, 6984
exec_dlc3_easter_20, 1656
exec_dlc3_easter_22, 1464
exec_dlc3_easter_23, 7872
exec_dlc3_easter_24, 3456
exec_dlc3_easter_25, 4248
exec_dlc3_exo_stck_01, 1992
exec_dlc3_gtrap_01, 1152
exec_dlc3_gtrap_02, 1320
exec_dlc3_gtrap_03, 1224
exec_dlc3_gtrap_04, 1272
exec_dlc3_gtrap_05, 1080
exec_dlc3_inf_ammo_01, 1344
exec_dlc3_inf_ammo_02, 1536
exec_dlc3_inf_ammo_03, 2136
exec_dlc3_linegun_01, 792
exec_dlc3_linegun_02, 792
exec_dlc3_linegun_03, 1392
exec_dlc3_linegun_04, 1776
exec_dlc3_linegun_kill_01, 696
exec_dlc3_linegun_kill_02, 936
exec_dlc3_linegun_kill_03, 1104
exec_dlc3_linegun_kill_04, 1464
exec_dlc3_m1i_01, 1176
exec_dlc3_m1i_02, 1176
exec_dlc3_m1i_03, 2496
exec_dlc3_m1i_04, 912
exec_dlc3_m1i_kill_01, 864
exec_dlc3_m1i_kill_02, 2496
exec_dlc3_m1i_kill_03, 792
exec_dlc3_m1i_kill_04, 1128
exec_dlc3_ohm_01, 1152
exec_dlc3_ohm_02, 1464
exec_dlc3_ohm_03, 1440
exec_dlc3_ohm_04, 1800
exec_dlc3_ohm_kill_01, 936
exec_dlc3_ohm_kill_02, 1248
exec_dlc3_ohm_kill_03, 1200
exec_dlc3_ohm_kill_04, 1296
exec_dlc3_open_01_01, 816
exec_dlc3_open_01_02, 960
exec_dlc3_open_01_03, 1224
exec_dlc3_open_02_01, 1560
exec_dlc3_open_02_02, 1248
exec_dlc3_open_02_03, 1896
exec_dlc3_open_03_01, 1272
exec_dlc3_open_03_02, 1056
exec_dlc3_open_03_03, 1056
exec_dlc3_overcharge_01, 672
exec_dlc3_overcharge_02, 1152
exec_dlc3_overcharge_03, 792
exec_dlc3_plinko_lrg_01, 1512
exec_dlc3_plinko_lrg_02, 912
exec_dlc3_plinko_lrg_03, 1488
exec_dlc3_plinko_med_01, 1344
exec_dlc3_plinko_med_02, 1128
exec_dlc3_plinko_med_03, 1008
exec_dlc3_plinko_see_01, 1104
exec_dlc3_plinko_see_02, 1344
exec_dlc3_plinko_see_03, 864
exec_dlc3_plinko_small_01, 1464
exec_dlc3_plinko_small_02, 792
exec_dlc3_plinko_small_03, 1200
exec_dlc3_repulsor_01, 1512
exec_dlc3_repulsor_02, 768
exec_dlc3_repulsor_03, 1512
exec_dlc3_repulsor_kill_01, 1488
exec_dlc3_repulsor_kill_02, 1848
exec_dlc3_repulsor_kill_03, 840
exec_dlc3_td_lose_01, 1224
exec_dlc3_td_lose_02, 1560
exec_dlc3_td_lose_03, 744
exec_dlc3_td_spot_01, 2280
exec_dlc3_td_spot_02, 1536
exec_dlc3_td_spot_03, 1200
exec_dlc3_td_win_01, 720
exec_dlc3_td_win_02, 648
exec_dlc3_td_win_03, 1656
exec_dlc3_tele_01, 2064
exec_dlc3_tele_02, 1800
exec_dlc3_tele_03, 1680
exec_dlc3_teleport_01, 1296
exec_dlc3_teleport_02, 1224
exec_dlc3_teleport_03, 600
exec_dlc3_teleport_use_01, 936
exec_dlc3_teleport_use_02, 840
exec_dlc3_teleport_use_03, 1008
exec_dna_bomb_01, 2016
exec_dna_bomb_02, 1104
exec_dna_bomb_03, 1104
exec_dna_bomb_kill_01, 2088
exec_dna_bomb_kill_02, 1776
exec_dna_bomb_kill_03, 1176
exec_dna_bomb_kill_04, 2256
exec_dna_bomb_kill_05, 1416
exec_dog_attk_player_01, 1392
exec_dog_attk_player_02, 864
exec_dog_attk_player_03, 864
exec_dog_attk_player_04, 1080
exec_dog_attk_player_05, 552
exec_earn_achievement_01, 2112
exec_emz_offline_01, 2160
exec_emz_offline_02, 1464
exec_emz_offline_03, 1152
exec_exertion_grunt_01, 696
exec_exertion_grunt_02, 696
exec_exertion_grunt_03, 912
exec_exo_first_jump_01, 1008
exec_exo_headbump_01, 1392
exec_exo_health_01, 1152
exec_exo_slam_01, 720
exec_exo_speed_01, 1128
exec_exo_stabilizer_01, 1416
exec_exo_stim_01, 792
exec_exo_suit_01, 1176
exec_exo_suit_02, 1392
exec_exo_suit_no_cash_01, 2304
exec_exo_upgrade_no_cash_01, 1536
exec_exo_upgrade_no_suit_01, 1992
exec_exp_kills_01, 624
exec_exp_kills_02, 1632
exec_exp_kills_03, 1296
exec_exp_kills_04, 1128
exec_exp_kills_05, 840
exec_explosive_drone_01, 888
exec_explosive_drone_02, 2256
exec_explosive_drone_03, 1464
exec_fav_wallweapon_01, 1296
exec_fav_wallweapon_02, 1416
exec_fav_wallweapon_03, 1152
exec_first_slam_01, 2904
exec_goliath_kill_01, 1728
exec_goliath_kill_02, 1488
exec_goliath_kill_03, 1296
exec_goliath_kill_04, 3096
exec_goliath_shoot_01, 1920
exec_goliath_shoot_02, 2160
exec_goliath_shoot_03, 792
exec_goliath_shoot_04, 1704
exec_goliath_spot_01, 1272
exec_goliath_spot_02, 1008
exec_goliath_spot_03, 2208
exec_goliath_spot_04, 1104
exec_goliath_spot_first_01, 2184
exec_guard_crawler_01, 984
exec_guard_crawler_02, 624
exec_guard_crawler_03, 696
exec_guard_crawler_04, 672
exec_guard_crawler_05, 912
exec_guard_dog_01, 1512
exec_guard_dog_02, 960
exec_guard_dog_03, 720
exec_guard_dog_04, 480
exec_guard_dog_05, 1032
exec_guard_headshot_01, 912
exec_guard_headshot_02, 888
exec_guard_headshot_03, 2304
exec_guard_headshot_04, 1104
exec_guard_headshot_05, 1128
exec_guard_revive_01, 1536
exec_guard_special_wpn_01, 2136
exec_guard_special_wpn_02, 1032
exec_guard_special_wpn_03, 2496
exec_guard_special_wpn_04, 1200
exec_guard_special_wpn_05, 1296
exec_guard_surround_01, 1176
exec_guard_surround_02, 1128
exec_guard_surround_03, 960
exec_guard_surround_04, 888
exec_guard_surround_05, 1896
exec_headshot_dist_01, 696
exec_headshot_dist_02, 768
exec_headshot_dist_03, 480
exec_headshot_dist_04, 624
exec_headshot_dist_05, 1224
exec_headshot_dist_06, 1176
exec_headshot_dist_07, 1056
exec_headshot_dist_08, 1080
exec_headshot_dist_09, 768
exec_headshot_dist_10, 2328
exec_host_attk_player_01, 576
exec_host_attk_player_02, 960
exec_host_attk_player_03, 408
exec_host_attk_player_04, 840
exec_host_attk_player_05, 1152
exec_host_infect_player_01, 1080
exec_host_infect_player_02, 1032
exec_host_infect_player_03, 2424
exec_host_infect_player_04, 1632
exec_host_infect_player_05, 2520
exec_it_crawler_01, 600
exec_it_crawler_02, 912
exec_it_crawler_03, 768
exec_it_crawler_04, 984
exec_it_crawler_05, 960
exec_it_dog_01, 528
exec_it_dog_02, 840
exec_it_dog_03, 1104
exec_it_dog_04, 432
exec_it_dog_05, 960
exec_it_headshot_01, 960
exec_it_headshot_02, 648
exec_it_headshot_03, 1128
exec_it_headshot_04, 576
exec_it_headshot_05, 984
exec_it_revive_01, 1344
exec_it_special_wpn_01, 504
exec_it_special_wpn_02, 1224
exec_it_special_wpn_03, 1488
exec_it_special_wpn_04, 1152
exec_it_special_wpn_05, 1776
exec_it_surround_01, 1224
exec_it_surround_02, 1128
exec_it_surround_03, 1296
exec_it_surround_04, 840
exec_it_surround_05, 840
exec_janitor_revive_01, 888
exec_kill_crawler_01, 1368
exec_kill_crawler_02, 1176
exec_kill_crawler_03, 1032
exec_kill_crawler_04, 864
exec_kill_crawler_05, 792
exec_kill_dog_01, 1056
exec_kill_dog_02, 1440
exec_kill_dog_03, 1200
exec_kill_dog_04, 1008
exec_kill_dog_05, 1128
exec_kill_w_bullets_01, 600
exec_kill_w_bullets_02, 840
exec_kill_w_bullets_03, 960
exec_kill_w_bullets_04, 1128
exec_kill_w_bullets_05, 984
exec_kill_w_melee_01, 1104
exec_kill_w_melee_02, 1032
exec_kill_w_melee_03, 1200
exec_kill_w_melee_04, 1032
exec_kill_w_melee_05, 1152
exec_killstreak_01, 1104
exec_killstreak_02, 1152
exec_killstreak_03, 672
exec_killstreak_04, 1248
exec_killstreak_05, 744
exec_killstreak_06, 744
exec_killstreak_07, 624
exec_killstreak_08, 1320
exec_killstreak_09, 1128
exec_killstreak_10, 984
exec_laser_shotgun_01, 2400
exec_laser_shotgun_02, 1608
exec_laser_traps_01, 1728
exec_laser_traps_02, 1200
exec_laser_traps_03, 1728
exec_laser_traps_04, 2016
exec_laststand_01, 624
exec_laststand_02, 528
exec_laststand_03, 1104
exec_laststand_04, 1800
exec_laststand_05, 864
exec_laugh_01, 2544
exec_laugh_02, 2304
exec_laugh_03, 1704
exec_lowammo_01, 1272
exec_lowammo_02, 840
exec_lowammo_03, 1440
exec_max_ammo_01, 936
exec_max_ammo_02, 624
exec_max_ammo_03, 672
exec_max_ammo_04, 1152
exec_max_ammo_05, 1248
exec_meet_02_01, 2376
exec_meet_02_02, 3864
exec_melee_instakill_01, 888
exec_melee_instakill_02, 816
exec_melee_instakill_03, 1464
exec_melee_instakill_04, 960
exec_melee_instakill_05, 1416
exec_orbital_drop_pre_01, 1032
exec_orbital_drop_pre_02, 960
exec_out_of_ammo_01, 936
exec_out_of_ammo_02, 600
exec_out_of_ammo_03, 768
exec_out_of_ammo_04, 864
exec_out_of_ammo_05, 1560
exec_out_of_ammo_06, 1296
exec_oz_response_01, 4824
exec_oz_response_02, 1272
exec_pain_grunt_high_01, 480
exec_pain_grunt_high_02, 720
exec_pain_grunt_high_03, 672
exec_pain_grunt_low_01, 432
exec_pain_grunt_low_02, 408
exec_pain_grunt_low_03, 384
exec_pain_grunt_med_01, 744
exec_pain_grunt_med_02, 792
exec_pain_grunt_med_03, 480
exec_player_attk_host_01, 936
exec_player_attk_host_02, 768
exec_player_attk_host_03, 960
exec_player_attk_host_04, 552
exec_player_attk_host_05, 384
exec_player_clean_station_01, 3072
exec_player_clean_station_02, 2136
exec_player_clean_station_03, 2592
exec_player_kill_host_01, 1320
exec_player_kill_host_02, 552
exec_player_kill_host_03, 1392
exec_player_kill_host_04, 1512
exec_player_kill_host_05, 768
exec_pow_surge_01, 1680
exec_pow_surge_02, 2328
exec_pow_surge_03, 1416
exec_power_off_01, 984
exec_power_off_02, 1656
exec_power_off_03, 888
exec_power_off_04, 1512
exec_power_off_05, 1536
exec_power_on_01, 504
exec_power_on_02, 888
exec_power_on_03, 792
exec_printer_moved_01, 1056
exec_printer_moved_02, 1344
exec_printer_moved_03, 3168
exec_printer_moved_04, 1464
exec_printer_moved_05, 2472
exec_printer_no_cash_01, 1992
exec_punch_01, 624
exec_punch_02, 576
exec_punch_03, 456
exec_rd05_01, 1176
exec_rd10_01, 1704
exec_rd20_01, 2736
exec_rd35_01, 2256
exec_rd50_01, 1656
exec_revived_01, 648
exec_revived_02, 1056
exec_revived_03, 1368
exec_revived_04, 1440
exec_revived_05, 888
exec_rnd_wave1_01, 2328
exec_rnd_wave1_02, 2112
exec_rnd_wave1_03, 2544
exec_rnd_wave1_04, 2232
exec_rnd_wave1_05, 1032
exec_rnd_wave1_06, 624
exec_rnd_wave1_07, 840
exec_rnd_wave1_08, 1056
exec_rnd_wave1_09, 2880
exec_rnd_wave1_10, 1416
exec_rnd_wave1_11, 1704
exec_rnd_wave1_12, 816
exec_rnd_wave1_13, 888
exec_rnd_wave1_14, 1128
exec_rnd_wave1_15, 2208
exec_rnd_wave1_16, 1440
exec_rnd_wave1_17, 2832
exec_scream_01, 480
exec_scream_02, 408
exec_scream_03, 840
exec_sentinel_conv_01, 2424
exec_sigh_01, 960
exec_sigh_02, 1296
exec_sigh_03, 1080
exec_sniper_exhale_01, 1536
exec_sniper_exhale_02, 1344
exec_sniper_exhale_03, 1536
exec_sniper_inhale_01, 1008
exec_sniper_inhale_02, 984
exec_sniper_inhale_03, 672
exec_spec_weapon_01, 1032
exec_spec_weapon_02, 1416
exec_spec_weapon_03, 1512
exec_spec_weapon_04, 696
exec_spec_weapon_05, 864
exec_ss_assault_drone_01, 840
exec_ss_assault_drone_02, 1488
exec_ss_assault_drone_03, 1440
exec_ss_assault_drone_04, 1008
exec_ss_assault_drone_05, 1464
exec_ss_bonus_ocp_01, 672
exec_ss_bonus_ocp_02, 936
exec_ss_bonus_ocp_03, 1512
exec_ss_bonus_ocp_04, 1440
exec_ss_bonus_ocp_05, 768
exec_ss_disrupt_01, 720
exec_ss_disrupt_02, 864
exec_ss_disrupt_03, 672
exec_ss_disrupt_04, 1536
exec_ss_disrupt_05, 936
exec_ss_grab_ocp_01, 816
exec_ss_grab_ocp_02, 1056
exec_ss_grab_ocp_03, 1440
exec_ss_grab_ocp_04, 816
exec_ss_grab_ocp_05, 1488
exec_ss_invinc_01, 1416
exec_ss_invinc_02, 1920
exec_ss_invinc_03, 1488
exec_ss_invinc_04, 1344
exec_ss_invinc_05, 1992
exec_ss_turret_01, 1800
exec_ss_turret_02, 1560
exec_ss_turret_03, 1080
exec_ss_turret_04, 1080
exec_ss_turret_05, 1608
exec_ss_zom_destroy_turret_01, 528
exec_ss_zom_destroy_turret_02, 1032
exec_ss_zom_destroy_turret_03, 936
exec_ss_zom_destroy_turret_04, 1176
exec_ss_zom_destroy_turret_05, 1440
exec_trap_roomba_01, 1896
exec_trap_roomba_02, 1152
exec_trap_shrk_01, 1632
exec_trap_steam_01, 2400
exec_trap_wtr_01, 1368
exec_trap_wtr_02, 2304
exec_traps_pckup_01, 1440
exec_turn_crawler_01, 744
exec_turn_crawler_02, 1776
exec_turn_crawler_03, 1296
exec_turn_crawler_04, 960
exec_turn_crawler_05, 1248
exec_wave_end_01, 2952
exec_wave_end_02, 2496
exec_wave_end_03, 1728
exec_wave_end_04, 3144
exec_wave_end_05, 1704
exec_wave_end_06, 3312
exec_wave_end_07, 3360
exec_wave_start_01, 864
exec_wave_start_02, 1992
exec_wave_start_03, 1992
exec_wave_start_04, 1512
exec_wave_start_05, 1032
exec_weapon_reminder_01, 2952
exec_weapon_reminder_02, 1104
exec_wpn_maxupgrd_01, 1800
exec_wpn_maxupgrd_02, 1224
exec_wpn_maxupgrd_03, 720
exec_wpn_no_cash_01, 1008
exec_wpn_reload_01, 744
exec_wpn_reload_02, 984
exec_wpn_reload_03, 1224
exec_wpn_upgrade_01, 1776
exec_wpn_upgrade_02, 1344
exec_wpn_upgrade_03, 1464
exec_wpn_upgrade_04, 792
exec_wpn_upgrade_05, 936
exec_wpnpickup_bad_01, 2064
exec_wpnpickup_bad_02, 960
exec_wpnpickup_bad_03, 1392
exec_wpnpickup_gen_01, 432
exec_wpnpickup_gen_02, 744
exec_wpnpickup_gen_03, 456
exec_zom_short_range_01, 936
exec_zom_short_range_02, 1824
exec_zom_short_range_03, 1176
exec_zom_short_range_04, 936
exec_zom_short_range_05, 1224
exec_zom_short_range_06, 888
exec_zom_short_range_07, 1080
exec_zom_short_range_08, 744
exec_zom_short_range_09, 1488
exec_zom_short_range_10, 1488
exec_zom_short_range_11, 1008
exec_zom_short_range_12, 1176
exec_zom_short_range_13, 1152
exec_zom_short_range_14, 1248
exec_zom_short_range_15, 1992
guard_2x_pts_01, 1896
guard_2x_pts_02, 2040
guard_2x_pts_03, 1224
guard_any_revive_01, 1296
guard_apocalypse_01, 2088
guard_apocalypse_02, 1632
guard_apocalypse_03, 1512
guard_atlas_conv_01, 3096
guard_attk_crawler_01, 1104
guard_attk_crawler_02, 1296
guard_attk_crawler_03, 1176
guard_attk_crawler_04, 624
guard_attk_crawler_05, 960
guard_cash_machine_01, 1152
guard_close_dmg_01, 984
guard_close_dmg_02, 696
guard_close_dmg_03, 1008
guard_close_dmg_04, 2616
guard_close_dmg_05, 1848
guard_closekill_01, 528
guard_closekill_02, 1344
guard_closekill_03, 504
guard_closekill_04, 744
guard_closekill_05, 552
guard_contact_grenade_01, 1032
guard_contact_grenade_02, 1536
guard_contact_grenade_03, 552
guard_cough_01, 912
guard_cough_02, 1320
guard_cough_03, 1752
guard_death_grunt_high_01, 1344
guard_death_grunt_high_02, 816
guard_death_grunt_high_03, 1392
guard_death_grunt_low_01, 1656
guard_death_grunt_low_02, 2064
guard_death_grunt_low_03, 1440
guard_death_grunt_med_01, 1344
guard_death_grunt_med_02, 1248
guard_death_grunt_med_03, 1728
guard_disc_prntr_01, 1704
guard_disc_prntr_02, 1680
guard_dismemb_01, 696
guard_dismemb_02, 1008
guard_dismemb_03, 888
guard_dismemb_04, 1248
guard_dismemb_05, 840
guard_distract_drone_01, 1056
guard_distract_drone_02, 1464
guard_distract_drone_03, 744
guard_distract_drone_kill_01, 792
guard_distract_drone_kill_02, 1656
guard_distract_drone_kill_03, 1536
guard_distract_drone_kill_04, 1800
guard_distract_drone_kill_05, 816
guard_distract_drone_klill_01, 792
guard_distract_drone_klill_02, 1656
guard_distract_drone_klill_03, 1536
guard_distract_drone_klill_04, 1800
guard_distract_drone_klill_05, 816
guard_dlc2_spike1st_01, 1680
guard_dlc2_spikespot_01, 1176
guard_dlc2_spikespot_02, 1992
guard_dlc3_atlas_01, 672
guard_dlc3_atlas_02, 1248
guard_dlc3_atlas_03, 1728
guard_dlc3_atlas_04, 1104
guard_dlc3_atlas_05, 1344
guard_dlc3_blink1st_01, 720
guard_dlc3_blink1st_02, 1128
guard_dlc3_blink1st_03, 1488
guard_dlc3_blink1st_04, 1104
guard_dlc3_blink_01, 1536
guard_dlc3_blink_02, 624
guard_dlc3_easter_01, 6456
guard_dlc3_easter_03, 5112
guard_dlc3_easter_04, 1224
guard_dlc3_easter_05, 1704
guard_dlc3_easter_06, 1608
guard_dlc3_easter_07, 1608
guard_dlc3_easter_08, 1872
guard_dlc3_easter_09, 2112
guard_dlc3_easter_10, 2136
guard_dlc3_easter_11, 3288
guard_dlc3_easter_12, 1224
guard_dlc3_easter_13, 816
guard_dlc3_easter_14, 3504
guard_dlc3_easter_15, 1656
guard_dlc3_easter_18, 6888
guard_dlc3_easter_20, 4296
guard_dlc3_easter_22, 1560
guard_dlc3_easter_23, 2880
guard_dlc3_easter_24, 1824
guard_dlc3_easter_25, 2976
guard_dlc3_exo_stck_01, 2856
guard_dlc3_gtrap_01, 1368
guard_dlc3_gtrap_02, 1320
guard_dlc3_gtrap_03, 1152
guard_dlc3_gtrap_04, 1392
guard_dlc3_gtrap_05, 1416
guard_dlc3_inf_ammo_01, 2616
guard_dlc3_inf_ammo_02, 1344
guard_dlc3_inf_ammo_03, 1632
guard_dlc3_linegun_01, 1176
guard_dlc3_linegun_02, 960
guard_dlc3_linegun_03, 1056
guard_dlc3_linegun_04, 1584
guard_dlc3_linegun_kill_01, 888
guard_dlc3_linegun_kill_02, 912
guard_dlc3_linegun_kill_03, 1320
guard_dlc3_linegun_kill_04, 1344
guard_dlc3_m1i_01, 1224
guard_dlc3_m1i_02, 1296
guard_dlc3_m1i_03, 2136
guard_dlc3_m1i_04, 960
guard_dlc3_m1i_kill_01, 792
guard_dlc3_m1i_kill_02, 1320
guard_dlc3_m1i_kill_03, 1128
guard_dlc3_m1i_kill_04, 888
guard_dlc3_ohm_01, 984
guard_dlc3_ohm_02, 1176
guard_dlc3_ohm_03, 1512
guard_dlc3_ohm_04, 1944
guard_dlc3_ohm_kill_01, 1104
guard_dlc3_ohm_kill_02, 1008
guard_dlc3_ohm_kill_03, 528
guard_dlc3_ohm_kill_04, 1152
guard_dlc3_open_01_01, 2232
guard_dlc3_open_01_02, 1296
guard_dlc3_open_01_03, 1224
guard_dlc3_open_02_01, 2448
guard_dlc3_open_02_02, 1536
guard_dlc3_open_02_03, 2184
guard_dlc3_overcharge_01, 1344
guard_dlc3_overcharge_02, 672
guard_dlc3_overcharge_03, 504
guard_dlc3_plinko_lrg_01, 1344
guard_dlc3_plinko_lrg_02, 576
guard_dlc3_plinko_lrg_03, 1176
guard_dlc3_plinko_med_01, 1464
guard_dlc3_plinko_med_02, 1632
guard_dlc3_plinko_med_03, 1008
guard_dlc3_plinko_see_01, 1176
guard_dlc3_plinko_see_02, 1368
guard_dlc3_plinko_see_03, 936
guard_dlc3_plinko_small_01, 1848
guard_dlc3_plinko_small_02, 768
guard_dlc3_plinko_small_03, 1008
guard_dlc3_repulsor_01, 2376
guard_dlc3_repulsor_02, 936
guard_dlc3_repulsor_03, 1824
guard_dlc3_repulsor_kill_01, 984
guard_dlc3_repulsor_kill_02, 1968
guard_dlc3_repulsor_kill_03, 960
guard_dlc3_td_lose_01, 1488
guard_dlc3_td_lose_02, 1416
guard_dlc3_td_lose_03, 624
guard_dlc3_td_spot_01, 1440
guard_dlc3_td_spot_02, 1320
guard_dlc3_td_spot_03, 1104
guard_dlc3_td_win_01, 744
guard_dlc3_td_win_02, 720
guard_dlc3_td_win_03, 1560
guard_dlc3_tele_01, 2640
guard_dlc3_tele_02, 3120
guard_dlc3_tele_03, 1968
guard_dlc3_teleport_01, 1392
guard_dlc3_teleport_02, 1704
guard_dlc3_teleport_03, 648
guard_dlc3_teleport_use_01, 1320
guard_dlc3_teleport_use_02, 1056
guard_dlc3_teleport_use_03, 912
guard_dna_bomb_01, 1152
guard_dna_bomb_02, 624
guard_dna_bomb_03, 1032
guard_dna_bomb_kill_01, 648
guard_dna_bomb_kill_02, 792
guard_dna_bomb_kill_03, 1344
guard_dna_bomb_kill_04, 1080
guard_dna_bomb_kill_05, 1344
guard_dog_attk_player_01, 1320
guard_dog_attk_player_02, 984
guard_dog_attk_player_03, 576
guard_dog_attk_player_04, 720
guard_dog_attk_player_05, 960
guard_earn_achievement_01, 1632
guard_emz_offline_01, 1296
guard_emz_offline_02, 1752
guard_emz_offline_03, 1008
guard_exec_crawler_01, 936
guard_exec_crawler_02, 768
guard_exec_crawler_03, 1224
guard_exec_crawler_04, 1368
guard_exec_crawler_05, 960
guard_exec_dog_01, 864
guard_exec_dog_02, 912
guard_exec_dog_03, 528
guard_exec_dog_04, 1080
guard_exec_dog_05, 1176
guard_exec_headshot_01, 1176
guard_exec_headshot_02, 696
guard_exec_headshot_03, 1512
guard_exec_headshot_04, 816
guard_exec_headshot_05, 816
guard_exec_revive_01, 936
guard_exec_special_wpn_01, 1488
guard_exec_special_wpn_02, 1176
guard_exec_special_wpn_03, 1392
guard_exec_special_wpn_04, 1464
guard_exec_special_wpn_05, 984
guard_exec_surround_01, 1200
guard_exec_surround_02, 1416
guard_exec_surround_03, 1008
guard_exec_surround_04, 1032
guard_exec_surround_05, 912
guard_exec_wave_intermission_ctx01_01, 1440
guard_exec_wave_intermission_ctx01_02, 7488
guard_exec_wave_intermission_ctx02_01, 3888
guard_exec_wave_intermission_ctx02_02, 1944
guard_exec_wave_intermission_ctx02_03, 3648
guard_exec_wave_intermission_ctx03_01, 3840
guard_exec_wave_intermission_ctx03_02, 2376
guard_exec_wave_intermission_ctx04_01, 7272
guard_exec_wave_intermission_ctx04_02, 4632
guard_exertion_grunt_01, 408
guard_exertion_grunt_02, 576
guard_exertion_grunt_03, 624
guard_exo_first_jump_01, 2016
guard_exo_headbump_01, 1632
guard_exo_health_01, 2016
guard_exo_slam_01, 1128
guard_exo_speed_01, 1368
guard_exo_stabilizer_01, 960
guard_exo_stim_01, 1008
guard_exo_suit_01, 1176
guard_exo_suit_02, 2448
guard_exo_suit_no_cash_01, 1128
guard_exo_upgrade_no_cash_01, 1560
guard_exo_upgrade_no_suit_01, 2064
guard_exp_kills_01, 1752
guard_exp_kills_02, 816
guard_exp_kills_03, 1152
guard_exp_kills_04, 696
guard_exp_kills_05, 1224
guard_explosive_drone_01, 2016
guard_explosive_drone_02, 768
guard_explosive_drone_03, 1752
guard_fav_wallweapon_01, 1272
guard_fav_wallweapon_02, 1656
guard_fav_wallweapon_03, 744
guard_first_slam_01, 576
guard_goliath_kill_01, 1272
guard_goliath_kill_02, 1776
guard_goliath_kill_03, 1944
guard_goliath_shoot_01, 2040
guard_goliath_shoot_02, 1848
guard_goliath_shoot_03, 1416
guard_goliath_spot_01, 1920
guard_goliath_spot_02, 1272
guard_goliath_spot_first_01, 2760
guard_headshot_dist_01, 672
guard_headshot_dist_02, 648
guard_headshot_dist_03, 792
guard_headshot_dist_04, 312
guard_headshot_dist_05, 552
guard_headshot_dist_06, 624
guard_headshot_dist_07, 672
guard_headshot_dist_08, 816
guard_headshot_dist_09, 720
guard_headshot_dist_10, 1848
guard_host_attk_player_01, 1248
guard_host_attk_player_02, 1032
guard_host_attk_player_03, 1200
guard_host_attk_player_04, 1104
guard_host_attk_player_05, 816
guard_host_infect_player_01, 1320
guard_host_infect_player_02, 2232
guard_host_infect_player_03, 2376
guard_host_infect_player_04, 3072
guard_host_infect_player_05, 2784
guard_it_crawler_01, 936
guard_it_crawler_02, 816
guard_it_crawler_03, 1032
guard_it_crawler_04, 1152
guard_it_crawler_05, 1080
guard_it_dog_01, 1416
guard_it_dog_02, 912
guard_it_dog_03, 816
guard_it_dog_04, 1056
guard_it_dog_05, 1584
guard_it_headshot_01, 1104
guard_it_headshot_02, 696
guard_it_headshot_03, 600
guard_it_headshot_04, 2376
guard_it_headshot_05, 2064
guard_it_revive_01, 1656
guard_it_special_wpn_01, 2160
guard_it_special_wpn_02, 2328
guard_it_special_wpn_03, 912
guard_it_special_wpn_04, 1200
guard_it_special_wpn_05, 1776
guard_it_surround_01, 1080
guard_it_surround_02, 1488
guard_it_surround_03, 1200
guard_it_surround_04, 1848
guard_it_surround_05, 1632
guard_kill_crawler_01, 936
guard_kill_crawler_02, 408
guard_kill_crawler_03, 1680
guard_kill_crawler_04, 624
guard_kill_crawler_05, 768
guard_kill_dog_01, 768
guard_kill_dog_02, 984
guard_kill_dog_03, 1248
guard_kill_dog_04, 840
guard_kill_w_bullets_01, 1272
guard_kill_w_bullets_02, 1056
guard_kill_w_bullets_03, 1224
guard_kill_w_bullets_04, 1056
guard_kill_w_bullets_05, 936
guard_kill_w_melee_01, 1128
guard_kill_w_melee_02, 840
guard_kill_w_melee_03, 1200
guard_kill_w_melee_04, 1008
guard_kill_w_melee_05, 552
guard_killstreak_01, 1560
guard_killstreak_02, 1776
guard_killstreak_03, 1056
guard_killstreak_04, 1536
guard_killstreak_05, 912
guard_killstreak_06, 384
guard_killstreak_07, 696
guard_killstreak_08, 576
guard_killstreak_09, 1032
guard_killstreak_10, 1008
guard_laser_shotgun_01, 2064
guard_laser_shotgun_02, 1704
guard_laser_traps_01, 2064
guard_laser_traps_02, 2496
guard_laser_traps_03, 1704
guard_laser_traps_04, 1416
guard_laststand_01, 2088
guard_laststand_02, 2736
guard_laststand_03, 744
guard_laststand_04, 600
guard_laststand_05, 1752
guard_laugh_01, 1728
guard_laugh_02, 2064
guard_laugh_03, 1392
guard_lowammo_01, 864
guard_lowammo_02, 1584
guard_lowammo_03, 1416
guard_lowammo_04, 1200
guard_lowammo_05, 1464
guard_max_ammo_01, 1128
guard_max_ammo_02, 696
guard_max_ammo_03, 1128
guard_max_ammo_04, 1512
guard_max_ammo_05, 984
guard_meet_02_01, 2328
guard_meet_02_02, 2880
guard_melee_instakill_01, 1224
guard_melee_instakill_02, 2256
guard_melee_instakill_03, 1416
guard_melee_instakill_04, 1008
guard_melee_instakill_05, 504
guard_orbital_drop_pre_01, 2304
guard_orbital_drop_pre_02, 816
guard_out_of_ammo_01, 720
guard_out_of_ammo_02, 768
guard_out_of_ammo_03, 1200
guard_out_of_ammo_04, 840
guard_out_of_ammo_05, 1656
guard_out_of_ammo_06, 1512
guard_oz_response_01, 3312
guard_oz_response_02, 5328
guard_pain_grunt_high_01, 720
guard_pain_grunt_high_02, 408
guard_pain_grunt_high_03, 648
guard_pain_grunt_low_01, 360
guard_pain_grunt_low_02, 384
guard_pain_grunt_low_03, 408
guard_pain_grunt_med_01, 360
guard_pain_grunt_med_02, 648
guard_pain_grunt_med_03, 648
guard_pilot_wave_intermission_ctx01_01, 2472
guard_pilot_wave_intermission_ctx01_02, 1632
guard_pilot_wave_intermission_ctx01_03, 5304
guard_pilot_wave_intermission_ctx02_01, 4440
guard_pilot_wave_intermission_ctx02_02, 2928
guard_pilot_wave_intermission_ctx02_03, 2424
guard_pilot_wave_intermission_ctx03_01, 1728
guard_pilot_wave_intermission_ctx03_02, 2280
guard_pilot_wave_intermission_ctx03_03, 1608
guard_pilot_wave_intermission_ctx03_04, 672
guard_pilot_wave_intermission_ctx03_05, 3792
guard_pilot_wave_intermission_ctx04_01, 3024
guard_pilot_wave_intermission_ctx04_02, 6216
guard_pilot_wave_intermission_ctx05_01, 3360
guard_pilot_wave_intermission_ctx05_02, 6048
guard_pilot_wave_intermission_ctx06_01, 9360
guard_pilot_wave_intermission_ctx06_02, 5592
guard_pilot_wave_intermission_ctx06_03, 1368
guard_pilot_wave_intermission_ctx07_01, 5064
guard_pilot_wave_intermission_ctx07_02, 2352
guard_pilot_wave_intermission_ctx07_03, 7992
guard_player_attk_host_01, 864
guard_player_attk_host_02, 456
guard_player_attk_host_03, 720
guard_player_attk_host_04, 888
guard_player_attk_host_05, 552
guard_player_clean_station_01, 2136
guard_player_clean_station_02, 2280
guard_player_clean_station_03, 4248
guard_player_kill_host_01, 1152
guard_player_kill_host_02, 960
guard_player_kill_host_03, 1320
guard_player_kill_host_04, 1896
guard_player_kill_host_05, 1560
guard_pow_surge_01, 1728
guard_pow_surge_02, 1464
guard_pow_surge_03, 1848
guard_power_off_01, 1584
guard_power_off_02, 768
guard_power_off_03, 1224
guard_power_off_04, 1392
guard_power_off_05, 1656
guard_power_on_01, 600
guard_power_on_02, 384
guard_power_on_03, 2256
guard_printer_moved_01, 1536
guard_printer_moved_02, 1872
guard_printer_moved_03, 1224
guard_printer_moved_04, 2496
guard_printer_moved_05, 2016
guard_printer_no_cash_01, 1776
guard_punch_01, 504
guard_punch_02, 672
guard_punch_03, 408
guard_rd05_01, 2712
guard_rd50_01, 2688
guard_revived_01, 672
guard_revived_02, 1608
guard_revived_03, 1776
guard_revived_04, 816
guard_revived_05, 3864
guard_rnd_wave1_01, 2256
guard_rnd_wave1_02, 2184
guard_rnd_wave1_03, 2448
guard_rnd_wave1_04, 3024
guard_rnd_wave1_05, 2568
guard_rnd_wave1_06, 1248
guard_rnd_wave1_07, 1560
guard_rnd_wave1_08, 1848
guard_rnd_wave1_09, 2640
guard_rnd_wave1_10, 1896
guard_rnd_wave1_11, 1488
guard_rnd_wave1_12, 1320
guard_rnd_wave1_13, 1608
guard_rnd_wave1_14, 1152
guard_rnd_wave1_15, 2256
guard_rnd_wave1_16, 2592
guard_rnd_wave1_17, 2520
guard_rnd_wave1_18, 1776
guard_scream_01, 624
guard_scream_02, 720
guard_scream_03, 648
guard_sentinel_conv_01, 2688
guard_sigh_01, 1080
guard_sigh_02, 768
guard_sigh_03, 768
guard_sniper_exhale_01, 1464
guard_sniper_exhale_02, 1752
guard_sniper_exhale_03, 1248
guard_sniper_inhale_01, 1320
guard_sniper_inhale_02, 576
guard_sniper_inhale_03, 1488
guard_spec_weapon_01, 1248
guard_spec_weapon_02, 1200
guard_spec_weapon_03, 2160
guard_spec_weapon_04, 1104
guard_spec_weapon_05, 1704
guard_ss_assault_drone_01, 1320
guard_ss_assault_drone_02, 1080
guard_ss_assault_drone_03, 1392
guard_ss_assault_drone_04, 1344
guard_ss_assault_drone_05, 2064
guard_ss_bonus_ocp_01, 1704
guard_ss_bonus_ocp_02, 1248
guard_ss_bonus_ocp_03, 2088
guard_ss_bonus_ocp_04, 624
guard_ss_bonus_ocp_05, 696
guard_ss_disrupt_01, 1512
guard_ss_disrupt_02, 1008
guard_ss_disrupt_03, 504
guard_ss_disrupt_04, 1752
guard_ss_disrupt_05, 1032
guard_ss_grab_ocp_01, 888
guard_ss_grab_ocp_02, 768
guard_ss_grab_ocp_03, 672
guard_ss_grab_ocp_04, 384
guard_ss_grab_ocp_05, 2424
guard_ss_invinc_01, 960
guard_ss_invinc_02, 1344
guard_ss_invinc_03, 2208
guard_ss_invinc_04, 672
guard_ss_invinc_05, 1560
guard_ss_turret_01, 3072
guard_ss_turret_02, 2880
guard_ss_turret_03, 1992
guard_ss_turret_04, 2472
guard_ss_turret_05, 1248
guard_ss_zom_destroy_turret_01, 1128
guard_ss_zom_destroy_turret_02, 528
guard_ss_zom_destroy_turret_03, 1056
guard_ss_zom_destroy_turret_04, 360
guard_ss_zom_destroy_turret_05, 864
guard_trap_roomba_01, 1968
guard_trap_roomba_02, 1584
guard_trap_shrk_01, 1992
guard_trap_shrk_02, 1176
guard_trap_steam_01, 2016
guard_trap_wtr_01, 1488
guard_trap_wtr_02, 2400
guard_traps_pckup_01, 2064
guard_turn_crawler_01, 1824
guard_turn_crawler_02, 768
guard_turn_crawler_03, 960
guard_turn_crawler_04, 984
guard_turn_crawler_05, 744
guard_wave_end_01, 1704
guard_wave_end_02, 1512
guard_wave_end_03, 1008
guard_wave_end_04, 2400
guard_wave_end_05, 2856
guard_wave_end_06, 888
guard_wave_end_07, 1008
guard_wave_start_01, 1272
guard_wave_start_02, 888
guard_wave_start_03, 624
guard_wave_start_04, 2160
guard_wave_start_05, 888
guard_weapon_reminder_01, 3120
guard_weapon_reminder_02, 4392
guard_wpn_maxupgrd_01, 1656
guard_wpn_maxupgrd_02, 1272
guard_wpn_maxupgrd_03, 1824
guard_wpn_no_cash_01, 1032
guard_wpn_reload_01, 888
guard_wpn_reload_02, 864
guard_wpn_reload_03, 2352
guard_wpn_upgrade_01, 504
guard_wpn_upgrade_02, 672
guard_wpn_upgrade_03, 1104
guard_wpn_upgrade_04, 1104
guard_wpn_upgrade_05, 1368
guard_wpnpickup_bad_01, 1152
guard_wpnpickup_bad_02, 864
guard_wpnpickup_bad_03, 2688
guard_wpnpickup_gen_01, 624
guard_wpnpickup_gen_02, 1104
guard_wpnpickup_gen_03, 480
guard_zom_short_range_01, 1008
guard_zom_short_range_02, 1200
guard_zom_short_range_03, 960
guard_zom_short_range_04, 1176
guard_zom_short_range_05, 1704
guard_zom_short_range_06, 840
guard_zom_short_range_07, 1032
guard_zom_short_range_08, 1104
guard_zom_short_range_09, 1512
guard_zom_short_range_10, 1320
guard_zom_short_range_11, 1056
guard_zom_short_range_12, 2328
guard_zom_short_range_13, 1272
guard_zom_short_range_14, 1464
guard_zom_short_range_15, 1488
it_2x_pts_01, 1512
it_2x_pts_02, 1056
it_2x_pts_03, 1416
it_any_revive_01, 1056
it_apocalypse_01, 2208
it_apocalypse_02, 1608
it_apocalypse_03, 1272
it_atlas_conv_01, 2280
it_attk_crawler_01, 1320
it_attk_crawler_02, 1656
it_attk_crawler_03, 1152
it_attk_crawler_04, 2232
it_attk_crawler_05, 1464
it_close_dmg_01, 984
it_close_dmg_02, 1368
it_close_dmg_03, 1056
it_close_dmg_04, 744
it_closekill_01, 600
it_closekill_02, 1104
it_closekill_03, 816
it_closekill_04, 1056
it_closekill_05, 960
it_contact_grenade_01, 1320
it_contact_grenade_02, 1896
it_contact_grenade_03, 1800
it_cough_01, 2280
it_cough_02, 2448
it_cough_03, 2928
it_death_grunt_high_01, 3840
it_death_grunt_high_02, 1152
it_death_grunt_high_03, 2136
it_death_grunt_low_01, 1056
it_death_grunt_low_02, 816
it_death_grunt_low_03, 2088
it_death_grunt_med_01, 2880
it_death_grunt_med_02, 504
it_death_grunt_med_03, 744
it_disc_prntr_01, 1704
it_disc_prntr_02, 1440
it_dismemb_01, 1056
it_dismemb_02, 1152
it_dismemb_03, 480
it_dismemb_04, 504
it_dismemb_05, 936
it_distract_drone_01, 864
it_distract_drone_02, 600
it_distract_drone_03, 1512
it_distract_drone_klill_01, 792
it_distract_drone_klill_02, 840
it_distract_drone_klill_03, 1608
it_distract_drone_klill_04, 888
it_distract_drone_klill_05, 1848
it_dlc2_spike1st_01, 2400
it_dlc2_spikespot_01, 1584
it_dlc2_spikespot_02, 1128
it_dlc3_atlas_01, 1056
it_dlc3_atlas_02, 1608
it_dlc3_atlas_03, 2136
it_dlc3_atlas_04, 1272
it_dlc3_atlas_05, 1752
it_dlc3_blink1st_01, 888
it_dlc3_blink1st_02, 960
it_dlc3_blink1st_03, 1632
it_dlc3_blink1st_04, 936
it_dlc3_blink_01, 2304
it_dlc3_blink_02, 696
it_dlc3_easter_01, 6264
it_dlc3_easter_03, 4992
it_dlc3_easter_04, 1728
it_dlc3_easter_05, 1872
it_dlc3_easter_06, 1512
it_dlc3_easter_07, 1968
it_dlc3_easter_08, 1848
it_dlc3_easter_09, 2208
it_dlc3_easter_10, 2256
it_dlc3_easter_11, 3720
it_dlc3_easter_12, 1488
it_dlc3_easter_13, 840
it_dlc3_easter_14, 4704
it_dlc3_easter_15, 2424
it_dlc3_easter_17, 7152
it_dlc3_easter_18, 4416
it_dlc3_easter_20, 6528
it_dlc3_easter_22, 1632
it_dlc3_easter_23, 4560
it_dlc3_easter_24, 3504
it_dlc3_easter_25, 2472
it_dlc3_exo_stck_01, 3048
it_dlc3_gtrap_01, 1176
it_dlc3_gtrap_02, 1824
it_dlc3_gtrap_03, 1056
it_dlc3_gtrap_04, 1560
it_dlc3_gtrap_05, 1320
it_dlc3_inf_ammo_01, 744
it_dlc3_inf_ammo_02, 2136
it_dlc3_inf_ammo_03, 2328
it_dlc3_linegun_01, 864
it_dlc3_linegun_02, 1224
it_dlc3_linegun_03, 1920
it_dlc3_linegun_04, 1584
it_dlc3_linegun_kill_01, 504
it_dlc3_linegun_kill_02, 1128
it_dlc3_linegun_kill_03, 1464
it_dlc3_linegun_kill_04, 1224
it_dlc3_m1i_01, 3192
it_dlc3_m1i_02, 1632
it_dlc3_m1i_03, 2304
it_dlc3_m1i_04, 1224
it_dlc3_m1i_kill_01, 1416
it_dlc3_m1i_kill_02, 1536
it_dlc3_m1i_kill_03, 1272
it_dlc3_m1i_kill_04, 1368
it_dlc3_ohm_01, 1728
it_dlc3_ohm_02, 1200
it_dlc3_ohm_03, 1608
it_dlc3_ohm_04, 2400
it_dlc3_ohm_kill_01, 624
it_dlc3_ohm_kill_02, 1320
it_dlc3_ohm_kill_03, 672
it_dlc3_ohm_kill_04, 1776
it_dlc3_open_01_0, 3048
it_dlc3_open_01_01, 3648
it_dlc3_open_01_02, 1800
it_dlc3_open_01_03, 1584
it_dlc3_open_02_01, 1728
it_dlc3_open_02_02, 2976
it_dlc3_open_02_03, 888
it_dlc3_open_02_04, 1752
it_dlc3_overcharge_01, 696
it_dlc3_overcharge_02, 888
it_dlc3_overcharge_03, 864
it_dlc3_plinko_lrg_01, 1320
it_dlc3_plinko_lrg_02, 792
it_dlc3_plinko_lrg_03, 1944
it_dlc3_plinko_med_01, 1680
it_dlc3_plinko_med_02, 1032
it_dlc3_plinko_med_03, 1176
it_dlc3_plinko_see_01, 1536
it_dlc3_plinko_see_02, 1584
it_dlc3_plinko_see_03, 912
it_dlc3_plinko_small_01, 1752
it_dlc3_plinko_small_02, 768
it_dlc3_plinko_small_03, 1320
it_dlc3_repulsor_01, 1896
it_dlc3_repulsor_02, 720
it_dlc3_repulsor_03, 1152
it_dlc3_repulsor_kill_01, 1440
it_dlc3_repulsor_kill_02, 1920
it_dlc3_repulsor_kill_03, 864
it_dlc3_td_lose_01, 1488
it_dlc3_td_lose_02, 1752
it_dlc3_td_lose_03, 912
it_dlc3_td_spot_01, 1944
it_dlc3_td_spot_02, 1872
it_dlc3_td_spot_03, 1128
it_dlc3_td_win_01, 624
it_dlc3_td_win_02, 720
it_dlc3_td_win_03, 1440
it_dlc3_tele_01, 3216
it_dlc3_tele_02, 2064
it_dlc3_tele_03, 3072
it_dlc3_teleport_01, 1488
it_dlc3_teleport_02, 1872
it_dlc3_teleport_03, 720
it_dlc3_teleport_use_01, 960
it_dlc3_teleport_use_02, 744
it_dlc3_teleport_use_03, 1056
it_dna_bomb_01, 1440
it_dna_bomb_02, 960
it_dna_bomb_03, 1824
it_dna_bomb_kill_01, 960
it_dna_bomb_kill_02, 888
it_dna_bomb_kill_03, 1320
it_dna_bomb_kill_04, 1728
it_dna_bomb_kill_05, 1776
it_earn_achievement_01, 1944
it_emz_offline_01, 1848
it_emz_offline_02, 2208
it_emz_offline_03, 1416
it_exec_crawler_01, 1224
it_exec_crawler_02, 1032
it_exec_crawler_03, 1200
it_exec_crawler_04, 960
it_exec_crawler_05, 1632
it_exec_headshot_01, 1464
it_exec_headshot_02, 1392
it_exec_headshot_03, 1176
it_exec_headshot_04, 1056
it_exec_headshot_05, 2184
it_exec_revive_01, 1248
it_exec_special_wpn_01, 984
it_exec_special_wpn_02, 1056
it_exec_special_wpn_03, 1536
it_exec_special_wpn_04, 792
it_exec_special_wpn_05, 960
it_exec_wave_intermission_ctx01_01, 3384
it_exec_wave_intermission_ctx01_02, 2520
it_exec_wave_intermission_ctx02_01, 3456
it_exec_wave_intermission_ctx02_02, 3216
it_exec_wave_intermission_ctx02_03, 3144
it_exec_wave_intermission_ctx03_01, 1248
it_exec_wave_intermission_ctx03_02, 4632
it_exec_wave_intermission_ctx04_01, 4464
it_exec_wave_intermission_ctx04_02, 4752
it_exec_wave_intermission_ctx05_01, 6168
it_exec_wave_intermission_ctx05_02, 3456
it_exec_wave_intermission_ctx06_01, 3216
it_exec_wave_intermission_ctx06_02, 1080
it_exec_wave_intermission_ctx06_03, 5664
it_exec_wave_intermission_ctx07_01, 6000
it_exec_wave_intermission_ctx07_02, 2424
it_exec_wave_intermission_ctx07_03, 2280
it_exertion_grunt_01, 360
it_exertion_grunt_02, 528
it_exertion_grunt_03, 672
it_exo_first_jump_01, 1800
it_exo_headbump_01, 1896
it_exo_health_01, 1296
it_exo_slam_01, 1128
it_exo_speed_01, 1728
it_exo_stabilizer_01, 984
it_exo_stim_01, 1344
it_exo_suit_01, 1080
it_exo_suit_02, 2544
it_exo_suit_no_cash_01, 1488
it_exo_upgrade_no_cash_01, 1416
it_exo_upgrade_no_suit_01, 1560
it_exp_kills_01, 696
it_exp_kills_02, 1152
it_exp_kills_03, 1032
it_exp_kills_04, 4248
it_exp_kills_05, 864
it_explosive_drone_01, 1848
it_explosive_drone_02, 2928
it_explosive_drone_03, 1800
it_fav_wallweapon_01, 1128
it_fav_wallweapon_02, 1488
it_fav_wallweapon_03, 1608
it_first_slam_01, 1416
it_goliath_kill_01, 1656
it_goliath_kill_02, 1296
it_goliath_kill_03, 1176
it_goliath_kill_04, 1488
it_goliath_shoot_01, 3384
it_goliath_shoot_02, 888
it_goliath_shoot_03, 1992
it_goliath_shoot_04, 1968
it_goliath_spot_01, 1920
it_goliath_spot_02, 1536
it_goliath_spot_03, 2112
it_goliath_spot_04, 1224
it_goliath_spot_first_01, 3600
it_guard_crawler_01, 1176
it_guard_crawler_02, 744
it_guard_crawler_03, 1272
it_guard_crawler_04, 1104
it_guard_crawler_05, 1128
it_guard_headshot_01, 1344
it_guard_headshot_02, 936
it_guard_headshot_03, 1800
it_guard_headshot_04, 1248
it_guard_headshot_05, 1056
it_guard_revive_01, 1656
it_guard_special_wpn_01, 1128
it_guard_special_wpn_02, 1320
it_guard_special_wpn_03, 1224
it_guard_special_wpn_04, 1368
it_guard_special_wpn_05, 1224
it_guard_wave_intermission_ctx01_01, 1584
it_guard_wave_intermission_ctx01_02, 1104
it_guard_wave_intermission_ctx02_01, 2088
it_guard_wave_intermission_ctx02_02, 3864
it_guard_wave_intermission_ctx02_03, 1560
it_guard_wave_intermission_ctx03_01, 1392
it_guard_wave_intermission_ctx03_02, 1464
it_guard_wave_intermission_ctx03_03, 1944
it_guard_wave_intermission_ctx04_01, 5304
it_guard_wave_intermission_ctx04_02, 3000
it_guard_wave_intermission_ctx04_03, 1080
it_guard_wave_intermission_ctx04_04, 1128
it_guard_wave_intermission_ctx05_01, 1848
it_guard_wave_intermission_ctx05_02, 2520
it_guard_wave_intermission_ctx06_01, 4920
it_guard_wave_intermission_ctx06_02, 2568
it_guard_wave_intermission_ctx07_01, 5304
it_guard_wave_intermission_ctx07_02, 2016
it_guard_wave_intermission_ctx08_01, 6624
it_guard_wave_intermission_ctx08_02, 3912
it_guard_wave_intermission_ctx09_01, 3648
it_guard_wave_intermission_ctx09_02, 768
it_guard_wave_intermission_ctx09_03, 6096
it_headshot_dist_01, 648
it_headshot_dist_02, 1032
it_headshot_dist_03, 888
it_headshot_dist_04, 840
it_headshot_dist_05, 1800
it_headshot_dist_06, 720
it_headshot_dist_07, 1464
it_headshot_dist_08, 888
it_headshot_dist_09, 1440
it_headshot_dist_10, 720
it_host_attk_player_01, 816
it_host_attk_player_02, 960
it_host_attk_player_03, 1776
it_host_attk_player_04, 864
it_host_attk_player_05, 1488
it_host_infect_player_01, 2424
it_host_infect_player_02, 1536
it_host_infect_player_03, 2112
it_host_infect_player_04, 1800
it_host_infect_player_05, 2736
it_kill_crawler_01, 1200
it_kill_crawler_02, 984
it_kill_crawler_03, 1272
it_kill_crawler_04, 888
it_kill_crawler_05, 768
it_kill_w_bullets_01, 1008
it_kill_w_bullets_02, 1248
it_kill_w_bullets_03, 936
it_kill_w_bullets_04, 792
it_kill_w_bullets_05, 864
it_kill_w_melee_01, 2064
it_kill_w_melee_02, 720
it_kill_w_melee_03, 936
it_kill_w_melee_04, 816
it_kill_w_melee_05, 1104
it_killstreak_01, 624
it_killstreak_02, 1968
it_killstreak_03, 1248
it_killstreak_04, 1248
it_killstreak_05, 1608
it_killstreak_06, 960
it_killstreak_07, 1560
it_killstreak_08, 648
it_killstreak_09, 2088
it_killstreak_10, 984
it_laser_shotgun_01, 984
it_laser_shotgun_02, 864
it_laser_traps_01, 1872
it_laser_traps_02, 1464
it_laser_traps_03, 1872
it_laser_traps_04, 1464
it_laststand_01, 1464
it_laststand_02, 1368
it_laststand_03, 3240
it_laststand_04, 1704
it_laststand_05, 768
it_laugh_01, 456
it_laugh_02, 888
it_laugh_03, 1128
it_lowammo_01, 1008
it_lowammo_02, 1776
it_lowammo_03, 1656
it_max_ammo_01, 1152
it_max_ammo_02, 1176
it_max_ammo_03, 552
it_melee_instakill_01, 1080
it_melee_instakill_02, 624
it_melee_instakill_03, 816
it_melee_instakill_04, 792
it_melee_instakill_05, 1008
it_orbital_drop_pre_01, 984
it_orbital_drop_pre_02, 696
it_out_of_ammo_01, 1560
it_out_of_ammo_02, 984
it_out_of_ammo_03, 1176
it_out_of_ammo_04, 1176
it_out_of_ammo_05, 1920
it_out_of_ammo_06, 1464
it_oz_response_01, 2184
it_oz_response_02, 1056
it_pain_grunt_high_01, 480
it_pain_grunt_high_02, 504
it_pain_grunt_high_03, 384
it_pain_grunt_low_01, 600
it_pain_grunt_low_02, 504
it_pain_grunt_low_03, 552
it_pain_grunt_med_01, 696
it_pain_grunt_med_02, 432
it_pain_grunt_med_03, 432
it_pilot_wave_intermission_ctx01_01, 2928
it_pilot_wave_intermission_ctx01_02, 3720
it_pilot_wave_intermission_ctx02_01, 2568
it_pilot_wave_intermission_ctx02_02, 3168
it_pilot_wave_intermission_ctx03_01, 4800
it_pilot_wave_intermission_ctx03_02, 5736
it_pilot_wave_intermission_ctx04_01, 4032
it_pilot_wave_intermission_ctx04_02, 5232
it_pilot_wave_intermission_ctx05_01, 2472
it_pilot_wave_intermission_ctx05_02, 10152
it_pilot_wave_intermission_ctx06_01, 2520
it_pilot_wave_intermission_ctx06_02, 7968
it_pilot_wave_intermission_ctx07_01, 3000
it_pilot_wave_intermission_ctx07_02, 7800
it_pilot_wave_intermission_ctx08_01, 4512
it_pilot_wave_intermission_ctx08_02, 5520
it_pilot_wave_intermission_ctx09_01, 6408
it_pilot_wave_intermission_ctx09_02, 1752
it_pilot_wave_intermission_ctx09_03, 7032
it_pilot_wave_intermission_ctx10_01, 4800
it_pilot_wave_intermission_ctx10_02, 8784
it_pilot_wave_intermission_ctx11_01, 5088
it_pilot_wave_intermission_ctx11_02, 14112
it_player_attk_host_01, 1656
it_player_attk_host_02, 1536
it_player_attk_host_03, 816
it_player_attk_host_04, 984
it_player_attk_host_05, 792
it_player_clean_station_01, 3432
it_player_clean_station_02, 2208
it_player_clean_station_03, 2112
it_player_kill_host_01, 456
it_player_kill_host_02, 816
it_player_kill_host_03, 2160
it_player_kill_host_04, 528
it_player_kill_host_05, 2136
it_pow_surge_01, 1032
it_pow_surge_02, 1608
it_pow_surge_03, 1992
it_power_off_01, 2040
it_power_off_02, 2400
it_power_off_03, 2088
it_power_off_04, 2160
it_power_off_05, 2808
it_power_on_01, 1272
it_power_on_02, 888
it_power_on_03, 2256
it_printer_moved_01, 2760
it_printer_moved_02, 1824
it_printer_moved_03, 816
it_printer_moved_04, 1992
it_printer_no_cash_01, 1392
it_punch_01, 360
it_punch_02, 384
it_punch_03, 600
it_revived_01, 1488
it_revived_02, 1056
it_revived_03, 768
it_revived_04, 1464
it_revived_05, 2136
it_rnd_wave1_01, 1704
it_rnd_wave1_02, 3192
it_rnd_wave1_03, 2784
it_rnd_wave1_04, 2616
it_rnd_wave1_05, 1488
it_rnd_wave1_06, 1704
it_rnd_wave1_07, 3696
it_rnd_wave1_08, 2616
it_rnd_wave1_09, 2472
it_rnd_wave1_10, 1656
it_rnd_wave1_11, 2472
it_rnd_wave1_12, 1968
it_rnd_wave1_13, 2904
it_rnd_wave1_14, 3624
it_rnd_wave1_15, 2448
it_rnd_wave1_16, 3768
it_scream_01, 480
it_scream_02, 552
it_scream_03, 504
it_sentinel_conv_01, 3672
it_sigh_01, 600
it_sigh_02, 840
it_sigh_03, 336
it_sniper_exhale_01, 1320
it_sniper_exhale_02, 1128
it_sniper_exhale_03, 1152
it_sniper_inhale_01, 2064
it_sniper_inhale_02, 720
it_sniper_inhale_03, 1032
it_spec_weapon_01, 1224
it_spec_weapon_02, 1608
it_spec_weapon_03, 1464
it_spec_weapon_04, 1656
it_spec_weapon_05, 528
it_ss_assault_drone_01, 2520
it_ss_assault_drone_02, 1872
it_ss_assault_drone_03, 2544
it_ss_assault_drone_04, 912
it_ss_assault_drone_05, 1368
it_ss_bonus_ocp_01, 792
it_ss_bonus_ocp_02, 1200
it_ss_bonus_ocp_03, 816
it_ss_bonus_ocp_04, 2160
it_ss_bonus_ocp_05, 1080
it_ss_disrupt_01, 2400
it_ss_disrupt_02, 1176
it_ss_disrupt_03, 720
it_ss_disrupt_04, 1728
it_ss_disrupt_05, 1392
it_ss_grab_ocp_01, 1176
it_ss_grab_ocp_02, 768
it_ss_grab_ocp_03, 1296
it_ss_grab_ocp_04, 1560
it_ss_grab_ocp_05, 3216
it_ss_invinc_01, 2328
it_ss_invinc_02, 1056
it_ss_invinc_03, 1344
it_ss_invinc_04, 1464
it_ss_invinc_05, 1368
it_ss_turret_01, 2136
it_ss_turret_02, 1824
it_ss_turret_03, 1536
it_ss_turret_04, 2760
it_ss_turret_05, 3048
it_ss_zom_destroy_turret_01, 1704
it_ss_zom_destroy_turret_02, 1440
it_ss_zom_destroy_turret_03, 1416
it_ss_zom_destroy_turret_04, 672
it_ss_zom_destroy_turret_05, 2064
it_trap_roomba_01, 1320
it_trap_roomba_02, 2184
it_trap_shrk_01, 1344
it_trap_shrk_02, 1656
it_trap_steam_01, 1800
it_trap_steam_02, 1416
it_trap_wtr_01, 1392
it_traps_pckup_01, 1968
it_turn_crawler_01, 1896
it_turn_crawler_02, 1488
it_turn_crawler_03, 1776
it_turn_crawler_04, 1536
it_turn_crawler_05, 1512
it_wave_end_01, 1368
it_wave_end_02, 840
it_wave_end_03, 1464
it_wave_end_04, 4032
it_wave_end_05, 1728
it_wave_end_06, 1128
it_wave_end_07, 2136
it_wave_start_01, 1440
it_wave_start_02, 1152
it_wave_start_03, 1752
it_wave_start_04, 1560
it_wave_start_05, 864
it_weapon_reminder_01, 2928
it_weapon_reminder_02, 1536
it_wpn_maxupgrd_01, 1272
it_wpn_maxupgrd_02, 1728
it_wpn_maxupgrd_03, 1272
it_wpn_no_cash_01, 1848
it_wpn_reload_01, 840
it_wpn_reload_02, 1128
it_wpn_reload_03, 1512
it_wpn_upgrade_01, 1752
it_wpn_upgrade_02, 2232
it_wpn_upgrade_03, 1512
it_wpn_upgrade_04, 2160
it_wpn_upgrade_05, 1632
it_wpnpickup_bad_01, 1680
it_wpnpickup_bad_02, 2280
it_wpnpickup_bad_03, 2256
it_wpnpickup_gen_01, 480
it_wpnpickup_gen_02, 816
it_wpnpickup_gen_03, 360
it_zom_short_range_01, 1296
it_zom_short_range_02, 1512
it_zom_short_range_03, 1248
it_zom_short_range_04, 2160
it_zom_short_range_05, 1464
it_zom_short_range_06, 1008
it_zom_short_range_07, 816
it_zom_short_range_08, 1296
it_zom_short_range_09, 1608
it_zom_short_range_10, 1104
it_zom_short_range_11, 1296
it_zom_short_range_12, 912
it_zom_short_range_13, 816
it_zom_short_range_14, 1368
it_zom_short_range_15, 1176
janitor_cash_ee_01, 3792
janitor_cash_ee_02, 5304
janitor_cash_ee_03, 4152
janitor_cure2_01, 4104
janitor_cure2_02, 4416
janitor_cure2_03, 4560
janitor_cure2_04, 2856
janitor_cure2_05, 3672
janitor_cure2_06, 3936
janitor_cure2_07, 2808
janitor_cure2_08, 2664
janitor_cure2_09, 4272
janitor_cure_01, 3864
janitor_cure_02, 3384
janitor_cure_03, 3024
janitor_cure_04, 4680
janitor_cure_05, 3336
janitor_cure_06, 3720
janitor_cure_07, 3072
janitor_cure_08, 2952
janitor_cure_09, 3336
janitor_cure_10, 2640
janitor_dlc3_easter_01, 27168
janitor_dlc3_easter_02, 17496
janitor_dlc3_easter_03, 27432
janitor_dlc3_easter_04, 20664
janitor_dlc3_easter_05, 26952
janitor_dlc3_easter_06, 4008
janitor_dlc3_easter_07, 4344
janitor_dlc3_easter_08, 7224
janitor_dlc3_easter_09, 3264
janitor_dlc3_easter_10, 3600
janitor_dlc3_easter_11, 3936
janitor_dlc3_easter_12, 3240
janitor_dlc3_easter_13, 2400
janitor_dlc3_easter_14, 2928
janitor_dlc3_easter_15, 2736
janitor_dlc3_easter_16, 2760
janitor_dlc3_easter_17, 4152
janitor_dlc3_easter_18, 6912
janitor_dlc3_easter_19, 4032
janitor_dlc3_easter_20, 5592
janitor_dlc3_easter_21, 6624
janitor_dlc3_easter_22, 2400
janitor_dlc3_easter_23, 2928
janitor_dlc3_easter_24, 2424
janitor_dlc3_easter_25, 3672
janitor_dlc3_easter_26, 3264
janitor_dlc3_easter_27, 3504
janitor_dna_bomb_01, 2040
janitor_dna_bomb_02, 2256
janitor_door_01, 4776
janitor_door_02, 1920
janitor_door_03, 2400
janitor_exo_health_01, 2904
janitor_exo_health_02, 3816
janitor_exo_medic_01, 3096
janitor_exo_medic_02, 3744
janitor_exo_online_03, 3120
janitor_exo_online_04, 2592
janitor_exo_reload_01, 3816
janitor_exo_reload_02, 3816
janitor_exo_slam_01, 4920
janitor_exo_slam_02, 3936
janitor_exo_soldier_01, 3912
janitor_exo_soldier_02, 4512
janitor_exo_suit_avail_01, 4416
janitor_exo_suit_avail_02, 3744
janitor_exo_suit_avail_03, 3720
janitor_full_reload_01, 2256
janitor_full_reload_02, 2448
janitor_goliath_01, 3648
janitor_goliath_02, 2544
janitor_host_01, 5160
janitor_host_02, 3936
janitor_hyper_dmg_01, 4344
janitor_hyper_dmg_02, 4128
janitor_inf_ammo_01, 2736
janitor_inf_ammo_02, 2928
janitor_mongrel_01, 2928
janitor_mongrel_02, 2760
janitor_multiplier_01, 1848
janitor_multiplier_02, 2328
janitor_overcharge_01, 3288
janitor_overcharge_02, 1608
janitor_pow_surge_01, 2136
janitor_pow_surge_02, 2304
janitor_printer_01, 2832
janitor_printer_02, 5280
janitor_printer_bk_01, 2280
janitor_printer_bk_02, 4056
janitor_pwr_swtich_01, 3264
janitor_pwr_swtich_02, 4080
janitor_pwr_swtich_03, 6096
janitor_pwr_swtich_04, 4824
janitor_rand_01, 9336
janitor_rand_02, 2616
janitor_rand_03, 3792
janitor_rand_04, 8712
janitor_rand_05, 3312
janitor_rand_06, 5304
janitor_rand_07, 3144
janitor_rand_08, 3000
janitor_rand_09, 2688
janitor_rand_10, 4632
janitor_rand_11, 5880
janitor_rand_12, 2880
janitor_rand_13, 3912
janitor_rand_14, 5136
janitor_rand_15, 4032
janitor_rand_16, 5016
janitor_rand_17, 3840
janitor_rand_18, 6384
janitor_security_01, 2016
janitor_soldier_01, 3648
janitor_soldier_02, 2760
janitor_supply_01, 5544
janitor_supply_02, 3048
janitor_trap_01, 3648
janitor_trap_02, 3216
janitor_trap_03, 2304
janitor_wallbuy_01, 4032
janitor_wallbuy_02, 4080
janitor_wallbuy_03, 5712
janitor_wallbuy_04, 3552
janitor_weap_dis_01, 4296
janitor_weap_dis_02, 3240
janitor_weap_dis_cred_01, 4512
janitor_weap_dis_cred_02, 4104
janitor_wpn_upgd_01, 4008
janitor_wpn_upgd_02, 3840
janitor_wpn_upgd_03, 4152
janitor_wpn_upgd_04, 5832
janitor_wpn_upgd_05, 5136
janitor_wpn_upgd_06, 4536
pilot_2x_pts_01, 3072
pilot_2x_pts_02, 1368
pilot_2x_pts_03, 2472
pilot_any_revive_01, 576
pilot_apocalypse_01, 3048
pilot_apocalypse_02, 1728
pilot_apocalypse_03, 1368
pilot_atlas_conv_01, 3480
pilot_attk_crawler_01, 1176
pilot_attk_crawler_02, 888
pilot_attk_crawler_03, 912
pilot_attk_crawler_04, 960
pilot_attk_crawler_05, 576
pilot_cash_machine_01, 1080
pilot_close_dmg_01, 1032
pilot_close_dmg_02, 3144
pilot_close_dmg_03, 1392
pilot_close_dmg_04, 2256
pilot_close_dmg_05, 1416
pilot_closekill_01, 1008
pilot_closekill_02, 1848
pilot_closekill_03, 1824
pilot_closekill_04, 1416
pilot_closekill_05, 2328
pilot_contact_grenade_01, 912
pilot_contact_grenade_02, 1080
pilot_contact_grenade_03, 1272
pilot_cough_01, 528
pilot_cough_02, 1776
pilot_cough_03, 1896
pilot_death_grunt_high_01, 1008
pilot_death_grunt_high_02, 672
pilot_death_grunt_high_03, 888
pilot_death_grunt_low_01, 2568
pilot_death_grunt_low_02, 960
pilot_death_grunt_low_03, 1416
pilot_death_grunt_med_01, 1344
pilot_death_grunt_med_02, 888
pilot_death_grunt_med_03, 1320
pilot_disc_prntr_01, 1536
pilot_disc_prntr_02, 1296
pilot_dismemb_01, 1824
pilot_dismemb_02, 672
pilot_dismemb_03, 1200
pilot_dismemb_04, 1296
pilot_dismemb_05, 1536
pilot_distract_drone_01, 1944
pilot_distract_drone_02, 2712
pilot_distract_drone_03, 1944
pilot_distract_drone_kill_01, 2304
pilot_distract_drone_kill_02, 1488
pilot_distract_drone_kill_03, 1224
pilot_distract_drone_kill_04, 2256
pilot_distract_drone_kill_05, 1392
pilot_dlc2_spike1st_01, 2232
pilot_dlc2_spikespot_01, 720
pilot_dlc2_spikespot_02, 1704
pilot_dlc3_atlas_01, 1056
pilot_dlc3_atlas_02, 2832
pilot_dlc3_atlas_03, 1896
pilot_dlc3_atlas_04, 2088
pilot_dlc3_atlas_05, 1440
pilot_dlc3_blink1st_01, 720
pilot_dlc3_blink1st_02, 912
pilot_dlc3_blink1st_03, 1752
pilot_dlc3_blink1st_04, 2736
pilot_dlc3_blink_01, 1872
pilot_dlc3_blink_02, 648
pilot_dlc3_easter_01, 7920
pilot_dlc3_easter_03, 5184
pilot_dlc3_easter_04, 2256
pilot_dlc3_easter_05, 1560
pilot_dlc3_easter_06, 1944
pilot_dlc3_easter_07, 2616
pilot_dlc3_easter_08, 1848
pilot_dlc3_easter_09, 1728
pilot_dlc3_easter_10, 1944
pilot_dlc3_easter_11, 3792
pilot_dlc3_easter_12, 1296
pilot_dlc3_easter_13, 1104
pilot_dlc3_easter_14, 3768
pilot_dlc3_easter_15, 2112
pilot_dlc3_easter_20, 3048
pilot_dlc3_easter_22, 1968
pilot_dlc3_easter_23, 4464
pilot_dlc3_easter_24, 3744
pilot_dlc3_easter_25, 3936
pilot_dlc3_exo_stck_01, 1608
pilot_dlc3_gtrap_01, 2520
pilot_dlc3_gtrap_02, 1440
pilot_dlc3_gtrap_03, 1536
pilot_dlc3_gtrap_04, 1032
pilot_dlc3_gtrap_05, 1440
pilot_dlc3_inf_ammo_01, 2184
pilot_dlc3_inf_ammo_02, 1512
pilot_dlc3_inf_ammo_03, 1200
pilot_dlc3_linegun_01, 864
pilot_dlc3_linegun_02, 1656
pilot_dlc3_linegun_03, 1200
pilot_dlc3_linegun_04, 2400
pilot_dlc3_linegun_kill_01, 984
pilot_dlc3_linegun_kill_02, 1536
pilot_dlc3_linegun_kill_03, 1248
pilot_dlc3_linegun_kill_04, 1152
pilot_dlc3_m1i_01, 1296
pilot_dlc3_m1i_02, 1032
pilot_dlc3_m1i_03, 1224
pilot_dlc3_m1i_04, 2520
pilot_dlc3_m1i_kill_01, 576
pilot_dlc3_m1i_kill_02, 2664
pilot_dlc3_m1i_kill_03, 1704
pilot_dlc3_m1i_kill_04, 864
pilot_dlc3_ohm_01, 2328
pilot_dlc3_ohm_02, 1704
pilot_dlc3_ohm_03, 1944
pilot_dlc3_ohm_04, 1512
pilot_dlc3_ohm_kill_01, 984
pilot_dlc3_ohm_kill_02, 2616
pilot_dlc3_ohm_kill_03, 912
pilot_dlc3_ohm_kill_04, 912
pilot_dlc3_open_01_01, 1272
pilot_dlc3_open_01_02, 1056
pilot_dlc3_open_01_03, 1944
pilot_dlc3_open_01_04, 984
pilot_dlc3_open_02_01, 3792
pilot_dlc3_open_02_02, 1992
pilot_dlc3_open_02_03, 2736
pilot_dlc3_open_02_04, 1944
pilot_dlc3_open_03_01, 2664
pilot_dlc3_open_03_02, 2688
pilot_dlc3_open_03_03, 2352
pilot_dlc3_open_03_04, 1944
pilot_dlc3_overcharge_01, 1272
pilot_dlc3_overcharge_02, 1512
pilot_dlc3_overcharge_03, 1032
pilot_dlc3_plinko_lrg_01, 1440
pilot_dlc3_plinko_lrg_02, 720
pilot_dlc3_plinko_lrg_03, 2520
pilot_dlc3_plinko_med_01, 1176
pilot_dlc3_plinko_med_02, 840
pilot_dlc3_plinko_med_03, 1032
pilot_dlc3_plinko_see_01, 2088
pilot_dlc3_plinko_see_02, 1848
pilot_dlc3_plinko_see_03, 1560
pilot_dlc3_plinko_small_01, 1104
pilot_dlc3_plinko_small_02, 624
pilot_dlc3_plinko_small_03, 1824
pilot_dlc3_repulsor_01, 1920
pilot_dlc3_repulsor_02, 1560
pilot_dlc3_repulsor_03, 1776
pilot_dlc3_repulsor_kill_01, 936
pilot_dlc3_repulsor_kill_02, 1752
pilot_dlc3_repulsor_kill_03, 744
pilot_dlc3_td_lose_01, 2280
pilot_dlc3_td_lose_02, 1632
pilot_dlc3_td_lose_03, 1488
pilot_dlc3_td_spot_01, 1320
pilot_dlc3_td_spot_02, 1560
pilot_dlc3_td_spot_03, 1008
pilot_dlc3_td_win_01, 1008
pilot_dlc3_td_win_02, 1848
pilot_dlc3_tele_01, 1800
pilot_dlc3_tele_02, 1872
pilot_dlc3_tele_03, 1992
pilot_dlc3_teleport_01, 1944
pilot_dlc3_teleport_02, 3264
pilot_dlc3_teleport_03, 1632
pilot_dlc3_teleport_use_01, 1080
pilot_dlc3_teleport_use_02, 1200
pilot_dlc3_teleport_use_03, 720
pilot_dna_bomb_01, 1488
pilot_dna_bomb_02, 1944
pilot_dna_bomb_03, 1824
pilot_dna_bomb_kill_01, 960
pilot_dna_bomb_kill_02, 1752
pilot_dna_bomb_kill_03, 3024
pilot_dna_bomb_kill_04, 2544
pilot_dna_bomb_kill_05, 1176
pilot_dog_attk_player_01, 1632
pilot_dog_attk_player_02, 1824
pilot_dog_attk_player_03, 2112
pilot_dog_attk_player_04, 1296
pilot_dog_attk_player_05, 792
pilot_exec_crawler_01, 1416
pilot_exec_crawler_02, 1776
pilot_exec_crawler_03, 1176
pilot_exec_crawler_04, 1752
pilot_exec_crawler_05, 1632
pilot_exec_dog_01, 1920
pilot_exec_dog_02, 1392
pilot_exec_dog_03, 624
pilot_exec_dog_04, 1152
pilot_exec_dog_05, 2088
pilot_exec_headshot_01, 1272
pilot_exec_headshot_02, 3528
pilot_exec_headshot_03, 528
pilot_exec_headshot_04, 1608
pilot_exec_headshot_05, 1224
pilot_exec_revive_01, 1248
pilot_exec_special_wpn_01, 2184
pilot_exec_special_wpn_02, 2304
pilot_exec_special_wpn_03, 1080
pilot_exec_special_wpn_04, 984
pilot_exec_special_wpn_05, 1512
pilot_exec_surround_01, 2232
pilot_exec_surround_02, 2520
pilot_exec_surround_03, 2040
pilot_exec_surround_04, 1368
pilot_exec_surround_05, 2616
pilot_exec_wave_intermission_ctx01_01, 2904
pilot_exec_wave_intermission_ctx01_02, 5808
pilot_exec_wave_intermission_ctx02_01, 1656
pilot_exec_wave_intermission_ctx02_02, 4464
pilot_exec_wave_intermission_ctx03_01, 1896
pilot_exec_wave_intermission_ctx03_02, 4848
pilot_exec_wave_intermission_ctx04_01, 4416
pilot_exec_wave_intermission_ctx04_02, 3312
pilot_exec_wave_intermission_ctx05_01, 2904
pilot_exec_wave_intermission_ctx05_02, 5064
pilot_exec_wave_intermission_ctx06_01, 3600
pilot_exec_wave_intermission_ctx06_02, 1224
pilot_exec_wave_intermission_ctx07_01, 5784
pilot_exec_wave_intermission_ctx07_02, 3888
pilot_exec_wave_intermission_ctx07_03, 6816
pilot_exertion_grunt_01, 1224
pilot_exertion_grunt_02, 4800
pilot_exertion_grunt_03, 912
pilot_exo_first_jump_01, 3048
pilot_exo_headbump_01, 2016
pilot_exo_health_01, 816
pilot_exo_slam_01, 1776
pilot_exo_speed_01, 2256
pilot_exo_stabilizer_01, 1992
pilot_exo_stim_01, 1440
pilot_exo_suit_01, 1176
pilot_exo_suit_02, 1296
pilot_exo_suit_no_cash_01, 2232
pilot_exo_upgrade_no_cash_01, 2256
pilot_exo_upgrade_no_suit_01, 2136
pilot_exp_kills_01, 1680
pilot_exp_kills_02, 840
pilot_exp_kills_03, 984
pilot_exp_kills_04, 1872
pilot_exp_kills_05, 1488
pilot_explosive_drone_01, 2232
pilot_explosive_drone_02, 3408
pilot_explosive_drone_03, 2496
pilot_fav_wallweapon_01, 1416
pilot_fav_wallweapon_02, 1464
pilot_fav_wallweapon_03, 1872
pilot_goliath_kill_01, 1248
pilot_goliath_kill_02, 1368
pilot_goliath_kill_03, 1656
pilot_goliath_shoot_01, 1464
pilot_goliath_shoot_02, 2160
pilot_goliath_shoot_03, 1752
pilot_goliath_shoot_04, 1680
pilot_goliath_spot_01, 1272
pilot_goliath_spot_02, 1584
pilot_goliath_spot_03, 648
pilot_goliath_spot_first_01, 1824
pilot_guard_crawler_01, 1056
pilot_guard_crawler_02, 792
pilot_guard_crawler_03, 1560
pilot_guard_crawler_04, 1008
pilot_guard_crawler_05, 864
pilot_guard_dog_01, 1776
pilot_guard_dog_02, 2136
pilot_guard_dog_03, 936
pilot_guard_dog_04, 1032
pilot_guard_dog_05, 1344
pilot_guard_headshot_01, 1536
pilot_guard_headshot_02, 1176
pilot_guard_headshot_03, 1296
pilot_guard_headshot_04, 1272
pilot_guard_headshot_05, 2712
pilot_guard_revive_01, 1800
pilot_guard_special_wpn_01, 1992
pilot_guard_special_wpn_02, 1872
pilot_guard_special_wpn_03, 576
pilot_guard_special_wpn_04, 1152
pilot_guard_special_wpn_05, 2040
pilot_guard_surround_01, 1320
pilot_guard_surround_02, 1464
pilot_guard_surround_03, 1296
pilot_guard_surround_04, 1248
pilot_guard_surround_05, 1488
pilot_headshot_dist_01, 2592
pilot_headshot_dist_02, 1896
pilot_headshot_dist_03, 984
pilot_headshot_dist_04, 1488
pilot_headshot_dist_05, 1560
pilot_headshot_dist_06, 744
pilot_headshot_dist_07, 984
pilot_headshot_dist_08, 600
pilot_headshot_dist_09, 1704
pilot_headshot_dist_10, 960
pilot_host_attk_player_01, 2376
pilot_host_attk_player_02, 768
pilot_host_attk_player_03, 1128
pilot_host_attk_player_04, 1152
pilot_host_attk_player_05, 960
pilot_host_infect_player_01, 3432
pilot_host_infect_player_02, 2976
pilot_host_infect_player_03, 1920
pilot_host_infect_player_04, 1368
pilot_host_infect_player_05, 3240
pilot_it_crawler_01, 1416
pilot_it_crawler_02, 912
pilot_it_crawler_03, 1080
pilot_it_crawler_04, 888
pilot_it_crawler_05, 1656
pilot_it_dog_01, 768
pilot_it_dog_02, 960
pilot_it_dog_03, 1032
pilot_it_dog_04, 984
pilot_it_headshot_01, 2472
pilot_it_headshot_02, 2280
pilot_it_headshot_03, 1056
pilot_it_headshot_04, 2160
pilot_it_headshot_05, 936
pilot_it_revive_01, 1344
pilot_it_special_wpn_01, 984
pilot_it_special_wpn_02, 1176
pilot_it_special_wpn_03, 1032
pilot_it_special_wpn_04, 1416
pilot_it_special_wpn_05, 1608
pilot_it_surround_01, 1368
pilot_it_surround_02, 1536
pilot_it_surround_03, 1800
pilot_it_surround_04, 1176
pilot_it_surround_05, 1368
pilot_kill_crawler_01, 2136
pilot_kill_crawler_02, 1176
pilot_kill_crawler_03, 1416
pilot_kill_crawler_04, 2616
pilot_kill_crawler_05, 1464
pilot_kill_dog_01, 1224
pilot_kill_dog_02, 1968
pilot_kill_dog_03, 1272
pilot_kill_dog_04, 1896
pilot_kill_dog_05, 2400
pilot_kill_w_bullets_01, 960
pilot_kill_w_bullets_02, 744
pilot_kill_w_bullets_03, 888
pilot_kill_w_bullets_04, 936
pilot_kill_w_bullets_05, 1128
pilot_kill_w_melee_01, 1488
pilot_kill_w_melee_02, 696
pilot_kill_w_melee_03, 960
pilot_kill_w_melee_04, 816
pilot_kill_w_melee_05, 768
pilot_killstreak_01, 1224
pilot_killstreak_02, 1560
pilot_killstreak_03, 1536
pilot_killstreak_04, 2880
pilot_killstreak_05, 2376
pilot_killstreak_06, 2016
pilot_killstreak_07, 2160
pilot_killstreak_08, 2208
pilot_killstreak_09, 2280
pilot_killstreak_10, 3312
pilot_laser_shotgun_01, 2904
pilot_laser_shotgun_02, 3072
pilot_laststand_01, 816
pilot_laststand_02, 1824
pilot_laststand_03, 1272
pilot_laststand_04, 2304
pilot_laststand_05, 1608
pilot_laugh_01, 1248
pilot_laugh_02, 624
pilot_laugh_03, 864
pilot_lowammo_01, 1584
pilot_lowammo_02, 1368
pilot_lowammo_03, 1392
pilot_lowammo_04, 2088
pilot_max_ammo_01, 1728
pilot_max_ammo_02, 744
pilot_max_ammo_03, 1440
pilot_max_ammo_04, 960
pilot_max_ammo_05, 1248
pilot_meet_01_01, 2736
pilot_meet_01_02, 3408
pilot_meet_01_03, 1440
pilot_meet_03_01, 3024
pilot_meet_03_02, 3288
pilot_meet_03_03, 4032
pilot_melee_instakill_01, 744
pilot_melee_instakill_02, 1176
pilot_melee_instakill_03, 3096
pilot_melee_instakill_04, 648
pilot_melee_instakill_05, 696
pilot_out_of_ammo_01, 1992
pilot_out_of_ammo_02, 7440
pilot_out_of_ammo_03, 2520
pilot_out_of_ammo_04, 1392
pilot_out_of_ammo_05, 1992
pilot_out_of_ammo_06, 1992
pilot_oz_response_01, 5208
pilot_oz_response_02, 5112
pilot_pain_grunt_high_01, 1152
pilot_pain_grunt_high_02, 672
pilot_pain_grunt_high_03, 528
pilot_pain_grunt_low_01, 648
pilot_pain_grunt_low_02, 1680
pilot_pain_grunt_low_03, 432
pilot_pain_grunt_med_01, 1560
pilot_pain_grunt_med_02, 1536
pilot_pain_grunt_med_03, 504
pilot_player_attk_host_01, 2544
pilot_player_attk_host_02, 2712
pilot_player_attk_host_03, 1128
pilot_player_attk_host_04, 1248
pilot_player_attk_host_05, 840
pilot_player_clean_station_01, 1680
pilot_player_clean_station_02, 2232
pilot_player_clean_station_03, 960
pilot_player_kill_host_01, 1824
pilot_player_kill_host_02, 912
pilot_player_kill_host_03, 3576
pilot_player_kill_host_04, 1632
pilot_player_kill_host_05, 1320
pilot_pow_surge_01, 2136
pilot_pow_surge_02, 1464
pilot_pow_surge_03, 1752
pilot_power_off_01, 2304
pilot_power_off_02, 840
pilot_power_off_03, 1416
pilot_power_off_04, 1728
pilot_power_off_05, 2184
pilot_power_on_01, 432
pilot_power_on_02, 888
pilot_power_on_03, 888
pilot_printer_moved_01, 1704
pilot_printer_moved_02, 1872
pilot_printer_moved_03, 1800
pilot_printer_moved_04, 1848
pilot_printer_moved_05, 1824
pilot_printer_no_cash_01, 1704
pilot_punch_01, 888
pilot_punch_02, 984
pilot_punch_03, 912
pilot_rd05_01, 1080
pilot_rd10_01, 1632
pilot_rd20_01, 2640
pilot_rd35_01, 3216
pilot_rd50_01, 3192
pilot_revived_01, 1248
pilot_revived_02, 1440
pilot_revived_03, 1872
pilot_revived_04, 1704
pilot_revived_05, 2088
pilot_rnd_wave1_01, 4704
pilot_rnd_wave1_02, 2304
pilot_rnd_wave1_03, 1584
pilot_rnd_wave1_04, 3096
pilot_rnd_wave1_05, 4128
pilot_rnd_wave1_06, 1152
pilot_rnd_wave1_07, 864
pilot_rnd_wave1_08, 1008
pilot_rnd_wave1_09, 2736
pilot_rnd_wave1_10, 5136
pilot_rnd_wave1_11, 3024
pilot_rnd_wave1_12, 3576
pilot_rnd_wave1_13, 1632
pilot_rnd_wave1_14, 2472
pilot_rnd_wave1_15, 2664
pilot_rnd_wave1_16, 3480
pilot_rnd_wave1_17, 2664
pilot_rnd_wave1_18, 1632
pilot_scream_01, 1320
pilot_scream_02, 840
pilot_scream_03, 1632
pilot_sentinel_conv_01, 4056
pilot_sigh_01, 792
pilot_sigh_02, 2352
pilot_sigh_03, 1536
pilot_slide_chute_01, 1008
pilot_slide_chute_02, 1608
pilot_slide_chute_03, 1512
pilot_spec_weapon_01, 2040
pilot_spec_weapon_02, 1464
pilot_spec_weapon_03, 1512
pilot_spec_weapon_04, 2232
pilot_spec_weapon_05, 1176
pilot_ss_disrupt_01, 2520
pilot_ss_disrupt_02, 768
pilot_ss_disrupt_03, 648
pilot_ss_disrupt_04, 1464
pilot_ss_disrupt_05, 1872
pilot_ss_grab_ocp_01, 792
pilot_ss_grab_ocp_02, 2064
pilot_ss_grab_ocp_03, 624
pilot_ss_grab_ocp_04, 3288
pilot_ss_grab_ocp_05, 3192
pilot_trap_roomba_01, 1992
pilot_trap_roomba_02, 1032
pilot_trap_shrk_01, 1176
pilot_trap_shrk_02, 1536
pilot_trap_shrk_03, 1272
pilot_trap_steam_01, 2664
pilot_trap_wtr_01, 1584
pilot_trap_wtr_02, 1992
pilot_traps_pckup_01, 3528
pilot_wpn_maxupgrd_01, 1848
pilot_wpn_maxupgrd_02, 2088
pilot_wpn_maxupgrd_03, 1464
pilot_wpn_no_cash_01, 2472
pilot_wpn_reload_01, 1968
pilot_wpn_reload_02, 1032
pilot_wpn_reload_03, 1392
pilot_wpn_upgrade_01, 3240
pilot_wpn_upgrade_02, 1560
pilot_wpn_upgrade_03, 744
pilot_wpn_upgrade_04, 2280
pilot_wpn_upgrade_05, 3768
pilot_wpnpickup_bad_01, 1440
pilot_wpnpickup_bad_02, 1176
pilot_wpnpickup_bad_03, 1920
pilot_wpnpickup_gen_01, 1728
pilot_wpnpickup_gen_02, 552
pilot_wpnpickup_gen_03, 2016
pilot_zom_short_range_01, 840
pilot_zom_short_range_02, 1080
pilot_zom_short_range_03, 792
pilot_zom_short_range_04, 1344
pilot_zom_short_range_05, 1608
pilot_zom_short_range_06, 1488
pilot_zom_short_range_07, 1944
pilot_zom_short_range_08, 1680
pilot_zom_short_range_09, 1896
pilot_zom_short_range_10, 1032
pilot_zom_short_range_11, 1632
pilot_zom_short_range_12, 744
pilot_zom_short_range_13, 864
pilot_zom_short_range_14, 1104
pilot_zom_short_range_15, 1248
sent_chatter_01, 864
sent_chatter_02, 864
sent_chatter_03, 840
sent_chatter_04, 1896
sent_chatter_05, 1752
sent_chatter_06, 984
sent_defuse_01, 936
sent_defuse_02, 984
sent_defuse_03, 1272
sent_defuse_04, 1224
sent_defuse_05, 984
sent_kill_01, 888
sent_kill_02, 864
sent_kill_03, 984
sent_revive_01, 696
sent_revive_02, 648
sent_revive_03, 1128
sent_revive_04, 1200
sent_spawn_01, 1488
sent_spawn_02, 1464
sent_spawn_03, 3120
sent_spawn_04, 2448
zmb_mus_ee_04, 208800
zmb_mus_ee_04_prvw, 888
zombie_credits_01, 1344
zombie_credits_02, 2448
zombie_credits_03, 1872
zombie_gimme_01, 1944
zombie_gimme_02, 4296
zombie_gimme_03, 2088
zombie_gimme_04, 1560
zombie_item_01, 2304
zombie_item_02, 1200
zombie_item_03, 1728
zombie_noise_01, 3696
zombie_noise_02, 3072
zombie_noise_03, 2520
zombie_noise_04, 2472
zombie_noise_05, 2544
zombie_noise_06, 2616
zombie_noise_07, 3504
zombie_noise_08, 2016
zombie_pain_01, 2088
zombie_pain_02, 1728
zombie_pain_03, 1392
zombie_take_01, 1392
zombie_take_02, 1368
zombie_take_03, 1752
